"ID";"Assetpfad";"Familie";"Status";"Verantwortlich";"Notiz";"Letzte Aenderung"
"MP0-0001";"Assets/_Game/Art/Actors/AshRunner/AshRunner3D/AshRunner.glb";"Figuren/Kreaturen";"abgenommen";"Codex";"Legacy-Quelle nach GUID-Nullreferenzpruefung ausserhalb von Assets archiviert; produktive Mid-Poly-Fassung abgenommen";"2026-08-25"
"MP0-0002";"Assets/_Game/Art/Actors/CoreGuardian/CoreGuardian3D/CoreGuardian.glb";"Figuren/Kreaturen";"abgenommen";"Codex";"Legacy-Quelle nach GUID-Nullreferenzpruefung ausserhalb von Assets archiviert; produktive Mid-Poly-Fassung abgenommen";"2026-08-25"
"MP0-0003";"Assets/_Game/Art/Actors/EmberEater/EmberEater3D/EmberEater.glb";"Figuren/Kreaturen";"abgenommen";"Codex";"Legacy-Quelle nach GUID-Nullreferenzpruefung ausserhalb von Assets archiviert; produktive Mid-Poly-Fassung abgenommen";"2026-08-25"
"MP0-0004";"Assets/_Game/Art/Actors/ForgeGuardian/ForgeGuardian3D/ForgeGuardian.glb";"Figuren/Kreaturen";"abgenommen";"Codex";"Legacy-Quelle nach GUID-Nullreferenzpruefung ausserhalb von Assets archiviert; produktive Mid-Poly-Fassung abgenommen";"2026-08-25"
"MP0-0005";"Assets/_Game/Art/Actors/Garon/Garon3D/Garon.glb";"Figuren/Kreaturen";"abgenommen";"Codex";"Legacy-Quelle nach GUID-Nullreferenzpruefung ausserhalb von Assets archiviert; produktive Mid-Poly-Fassung abgenommen";"2026-08-25"
"MP0-0006";"Assets/_Game/Art/Actors/GraniteShell/GraniteShell3D/GraniteShell.glb";"Figuren/Kreaturen";"abgenommen";"Codex";"Legacy-Quelle nach GUID-Nullreferenzpruefung ausserhalb von Assets archiviert; produktive Mid-Poly-Fassung abgenommen";"2026-08-25"
"MP0-0007";"Assets/_Game/Art/Actors/Ignivar/Ignivar3D/Ignivar.glb";"Figuren/Kreaturen";"abgenommen";"Codex";"Legacy-Quelle nach GUID-Nullreferenzpruefung ausserhalb von Assets archiviert; produktive Mid-Poly-Fassung abgenommen";"2026-08-25"
"MP0-0008";"Assets/_Game/Art/Actors/MoorThrower/MoorThrower3D/MoorThrower.glb";"Figuren/Kreaturen";"abgenommen";"Codex";"Legacy-Quelle nach GUID-Nullreferenzpruefung ausserhalb von Assets archiviert; produktive Mid-Poly-Fassung abgenommen";"2026-08-25"
"MP0-0009";"Assets/_Game/Art/Actors/Noctarion/Noctarion3D/Noctarion.glb";"Figuren/Kreaturen";"abgenommen";"Codex";"Legacy-Quelle nach GUID-Nullreferenzpruefung ausserhalb von Assets archiviert; produktive Mid-Poly-Fassung abgenommen";"2026-08-25"
"MP0-0010";"Assets/_Game/Art/Actors/Player/Wanderer3D/Wanderer.glb";"Figuren/Kreaturen";"abgenommen";"Codex";"Nutzer-Rueckbau 25.08.2026: archivierte produktive Low-Poly-Quelle wieder aktiv; Mid-Poly-Wanderer bleibt nur als Arbeitsstand erhalten";"2026-08-25"
"MP0-0011";"Assets/_Game/Art/Actors/RiftGuardian/RiftGuardian3D/RiftGuardian.glb";"Figuren/Kreaturen";"abgenommen";"Codex";"Legacy-Quelle nach GUID-Nullreferenzpruefung ausserhalb von Assets archiviert; produktive Mid-Poly-Fassung abgenommen";"2026-08-25"
"MP0-0012";"Assets/_Game/Art/Actors/Riftling/Riftling3D/Riftling.glb";"Figuren/Kreaturen";"abgenommen";"Codex";"Legacy-Quelle nach GUID-Nullreferenzpruefung ausserhalb von Assets archiviert; produktive Mid-Poly-Fassung abgenommen";"2026-08-25"
"MP0-0013";"Assets/_Game/Art/Actors/RootCharger/RootCharger3D/RootCharger.glb";"Figuren/Kreaturen";"abgenommen";"Codex";"Legacy-Quelle nach GUID-Nullreferenzpruefung ausserhalb von Assets archiviert; produktive Mid-Poly-Fassung abgenommen";"2026-08-25"
"MP0-0014";"Assets/_Game/Art/Actors/SealGuardian/SealGuardian3D/SealGuardian.glb";"Figuren/Kreaturen";"abgenommen";"Codex";"Legacy-Quelle nach GUID-Nullreferenzpruefung ausserhalb von Assets archiviert; produktive Mid-Poly-Fassung abgenommen";"2026-08-25"
"MP0-0015";"Assets/_Game/Art/Actors/Terrock/Terrock3D/Terrock.glb";"Figuren/Kreaturen";"abgenommen";"Codex";"Legacy-Quelle nach GUID-Nullreferenzpruefung ausserhalb von Assets archiviert; produktive Mid-Poly-Fassung abgenommen";"2026-08-25"
"MP0-0016";"Assets/_Game/Art/Actors/Wildling/Wildling3D/Wildling.glb";"Figuren/Kreaturen";"abgenommen";"Codex";"Legacy-Quelle nach GUID-Nullreferenzpruefung ausserhalb von Assets archiviert; produktive Mid-Poly-Fassung abgenommen";"2026-08-25"
"MP0-0017";"Assets/_Game/Prefabs/Actors/3D/AshRunner_3D.prefab";"Figuren/Kreaturen";"abgenommen";"Codex";"Produktive Mid-Poly-Fassung mit LOD-, Rig-, Clip-, GUID- und Unity-Vertrag abgenommen";"2026-08-24"
"MP0-0018";"Assets/_Game/Prefabs/Actors/3D/CoreGuardian_3D.prefab";"Figuren/Kreaturen";"abgenommen";"Codex";"Produktive Mid-Poly-Fassung mit LOD-, Rig-, Clip-, GUID- und Unity-Vertrag abgenommen";"2026-08-24"
"MP0-0019";"Assets/_Game/Prefabs/Actors/3D/EmberEater_3D.prefab";"Figuren/Kreaturen";"abgenommen";"Codex";"Produktive Mid-Poly-Fassung mit LOD-, Rig-, Clip-, GUID- und Unity-Vertrag abgenommen";"2026-08-24"
"MP0-0020";"Assets/_Game/Prefabs/Actors/3D/ForgeGuardian_3D.prefab";"Figuren/Kreaturen";"abgenommen";"Codex";"Produktive Mid-Poly-Fassung mit LOD-, Rig-, Clip-, GUID- und Unity-Vertrag abgenommen";"2026-08-24"
"MP0-0021";"Assets/_Game/Prefabs/Actors/3D/Garon_3D.prefab";"Figuren/Kreaturen";"abgenommen";"Codex";"Produktive Mid-Poly-Fassung mit LOD-, Rig-, Clip-, GUID- und Unity-Vertrag abgenommen";"2026-08-24"
"MP0-0022";"Assets/_Game/Prefabs/Actors/3D/GraniteShell_3D.prefab";"Figuren/Kreaturen";"abgenommen";"Codex";"Produktive Mid-Poly-Fassung mit LOD-, Rig-, Clip-, GUID- und Unity-Vertrag abgenommen";"2026-08-24"
"MP0-0023";"Assets/_Game/Prefabs/Actors/3D/Ignivar_3D.prefab";"Figuren/Kreaturen";"abgenommen";"Codex";"Produktive Mid-Poly-Fassung mit LOD-, Rig-, Clip-, GUID- und Unity-Vertrag abgenommen";"2026-08-24"
"MP0-0024";"Assets/_Game/Prefabs/Actors/3D/MoorThrower_3D.prefab";"Figuren/Kreaturen";"abgenommen";"Codex";"Produktive Mid-Poly-Fassung mit LOD-, Rig-, Clip-, GUID- und Unity-Vertrag abgenommen";"2026-08-24"
"MP0-0025";"Assets/_Game/Prefabs/Actors/3D/Noctarion_3D.prefab";"Figuren/Kreaturen";"abgenommen";"Codex";"Produktive Mid-Poly-Fassung mit LOD-, Rig-, Clip-, GUID- und Unity-Vertrag abgenommen";"2026-08-24"
"MP0-0026";"Assets/_Game/Prefabs/Actors/3D/Player_3D.prefab";"Figuren/Kreaturen";"abgenommen";"Codex";"Produktive Mid-Poly-Fassung mit LOD-, Rig-, Clip-, GUID- und Unity-Vertrag abgenommen";"2026-08-24"
"MP0-0027";"Assets/_Game/Prefabs/Actors/3D/RiftGuardian_3D.prefab";"Figuren/Kreaturen";"abgenommen";"Codex";"Produktive Mid-Poly-Fassung mit LOD-, Rig-, Clip-, GUID- und Unity-Vertrag abgenommen";"2026-08-24"
"MP0-0028";"Assets/_Game/Prefabs/Actors/3D/Riftling_3D.prefab";"Figuren/Kreaturen";"abgenommen";"Codex";"Produktive Mid-Poly-Fassung mit LOD-, Rig-, Clip-, GUID- und Unity-Vertrag abgenommen";"2026-08-24"
"MP0-0029";"Assets/_Game/Prefabs/Actors/3D/RootCharger_3D.prefab";"Figuren/Kreaturen";"abgenommen";"Codex";"Produktive Mid-Poly-Fassung mit LOD-, Rig-, Clip-, GUID- und Unity-Vertrag abgenommen";"2026-08-24"
"MP0-0030";"Assets/_Game/Prefabs/Actors/3D/SealGuardian_3D.prefab";"Figuren/Kreaturen";"abgenommen";"Codex";"Produktive Mid-Poly-Fassung mit LOD-, Rig-, Clip-, GUID- und Unity-Vertrag abgenommen";"2026-08-24"
"MP0-0031";"Assets/_Game/Prefabs/Actors/3D/Terrock_3D.prefab";"Figuren/Kreaturen";"abgenommen";"Codex";"Produktive Mid-Poly-Fassung mit LOD-, Rig-, Clip-, GUID- und Unity-Vertrag abgenommen";"2026-08-24"
"MP0-0032";"Assets/_Game/Prefabs/Actors/3D/Wildling_3D.prefab";"Figuren/Kreaturen";"abgenommen";"Codex";"Produktive Mid-Poly-Fassung mit LOD-, Rig-, Clip-, GUID- und Unity-Vertrag abgenommen";"2026-08-24"
"MP0-0033";"Assets/_Game/Prefabs/Bosses/Garon.prefab";"Sonstige sichtbare 3D-Assets";"abgenommen";"Codex";"Produktive Mid-Poly-Fassung mit LOD-, Rig-, Clip-, GUID- und Unity-Vertrag abgenommen";"2026-08-24"
"MP0-0034";"Assets/_Game/Prefabs/Buildings/Level01/BLD_CookingPot_L01.prefab";"Gebaeude/Stationen";"abgenommen";"Phase-4-Produktionsstationskit produktiv integriert; 3 LODs, GUID/Collider/Nav/Interaktion geprueft";"MIDPOLY-000 Phase4";"2026-08-24"
"MP0-0035";"Assets/_Game/Prefabs/Buildings/Level01/BLD_Door_L01.prefab";"Gebaeude/Stationen";"abgenommen";"Phase-4-Basismodulkit produktiv integriert; 3 LODs, GUID/Collider/Snap/Verbinder bzw. Tuerangel geprueft";"MIDPOLY-000 Phase4";"2026-08-24"
"MP0-0036";"Assets/_Game/Prefabs/Buildings/Level01/BLD_FarmPlot_L01.prefab";"Gebaeude/Stationen";"abgenommen";"Phase-4-Produktionsstationskit produktiv integriert; 3 LODs und drei Farmzustaende geprueft";"MIDPOLY-000 Phase4";"2026-08-24"
"MP0-0037";"Assets/_Game/Prefabs/Buildings/Level01/BLD_Floor_L01.prefab";"Gebaeude/Stationen";"abgenommen";"Phase-4-Basismodulkit produktiv integriert; 3 LODs, GUID/Collider/Snap/Verbinder bzw. Tuerangel geprueft";"MIDPOLY-000 Phase4";"2026-08-24"
"MP0-0038";"Assets/_Game/Prefabs/Buildings/Level01/BLD_Ropewalk_L01.prefab";"Gebaeude/Stationen";"abgenommen";"Phase-4-Produktionsstationskit produktiv integriert; 3 LODs, GUID/Collider/Nav/Interaktion geprueft";"MIDPOLY-000 Phase4";"2026-08-24"
"MP0-0039";"Assets/_Game/Prefabs/Buildings/Level01/BLD_Sawmill_L01.prefab";"Gebaeude/Stationen";"abgenommen";"Phase-4-Produktionsstationskit produktiv integriert; 3 LODs, GUID/Collider/Nav/Interaktion geprueft";"MIDPOLY-000 Phase4";"2026-08-24"
"MP0-0040";"Assets/_Game/Prefabs/Buildings/Level01/BLD_Smelter_L01.prefab";"Gebaeude/Stationen";"abgenommen";"Phase-4-Produktionsstationskit produktiv integriert; 3 LODs, GUID/Collider/Nav/Interaktion geprueft";"MIDPOLY-000 Phase4";"2026-08-24"
"MP0-0041";"Assets/_Game/Prefabs/Buildings/Level01/BLD_Stonecutter_L01.prefab";"Gebaeude/Stationen";"abgenommen";"Phase-4-Produktionsstationskit produktiv integriert; 3 LODs, GUID/Collider/Nav/Interaktion geprueft";"MIDPOLY-000 Phase4";"2026-08-24"
"MP0-0042";"Assets/_Game/Prefabs/Buildings/Level01/BLD_Wall_L01.prefab";"Gebaeude/Stationen";"abgenommen";"Phase-4-Basismodulkit produktiv integriert; 3 LODs, GUID/Collider/Snap/Verbinder bzw. Tuerangel geprueft";"MIDPOLY-000 Phase4";"2026-08-24"
"MP0-0043";"Assets/_Game/Prefabs/Containers/Forge/CompletionChest_2D.prefab";"Truhen/Container";"abgenommen";"Codex";"Phase-4-Schmiedecontainerkit produktiv integriert; 3 LODs, vier Zustaende, GUID/Collider und Bossfreigabe geprueft";"2026-08-24"
"MP0-0044";"Assets/_Game/Prefabs/Containers/Forge/EliteChest_2D.prefab";"Truhen/Container";"abgenommen";"Codex";"Phase-4-Schmiedecontainerkit produktiv integriert; 3 LODs, vier Zustaende, GUID/Collider und Bossfreigabe geprueft";"2026-08-24"
"MP0-0045";"Assets/_Game/Prefabs/Containers/Forge/LargeRewardChest_2D.prefab";"Truhen/Container";"abgenommen";"Codex";"Phase-4-Schmiedecontainerkit produktiv integriert; 3 LODs, vier Zustaende, GUID/Collider und Belohnungsstufe geprueft";"2026-08-24"
"MP0-0046";"Assets/_Game/Prefabs/Containers/Forge/MediumRewardChest_2D.prefab";"Truhen/Container";"abgenommen";"Codex";"Phase-4-Schmiedecontainerkit produktiv integriert; 3 LODs, vier Zustaende, GUID/Collider und Belohnungsstufe geprueft";"2026-08-24"
"MP0-0047";"Assets/_Game/Prefabs/Containers/Forge/OptionalChest_2D.prefab";"Truhen/Container";"abgenommen";"Codex";"Phase-4-Schmiedecontainerkit produktiv integriert; 3 LODs, vier Zustaende und GUID/Collider geprueft";"2026-08-24"
"MP0-0048";"Assets/_Game/Prefabs/Containers/Forge/RecoveryContainer_2D.prefab";"Truhen/Container";"abgenommen";"Codex";"Phase-4-Schmiedecontainerkit produktiv integriert; 3 LODs, vier Zustaende, GUID/Collider und Recovery-Rolle geprueft";"2026-08-24"
"MP0-0049";"Assets/_Game/Prefabs/Containers/Forge/SmallRewardChest_2D.prefab";"Truhen/Container";"abgenommen";"Codex";"Phase-4-Schmiedecontainerkit produktiv integriert; 3 LODs, vier Zustaende, GUID/Collider und Belohnungsstufe geprueft";"2026-08-24"
"MP0-0050";"Assets/_Game/Prefabs/Containers/Forge/SupplyChest_2D.prefab";"Truhen/Container";"abgenommen";"Codex";"Phase-4-Schmiedecontainerkit produktiv integriert; 3 LODs, vier Zustaende und GUID/Collider geprueft";"2026-08-24"
"MP0-0051";"Assets/_Game/Prefabs/Enemies/Forge/AshRunner.prefab";"Figuren/Kreaturen";"abgenommen";"Codex";"Produktive Mid-Poly-Fassung mit LOD-, Rig-, Clip-, GUID- und Unity-Vertrag abgenommen";"2026-08-24"
"MP0-0052";"Assets/_Game/Prefabs/Enemies/Forge/CoreGuardian.prefab";"Figuren/Kreaturen";"abgenommen";"Codex";"Produktive Mid-Poly-Fassung mit LOD-, Rig-, Clip-, GUID- und Unity-Vertrag abgenommen";"2026-08-24"
"MP0-0053";"Assets/_Game/Prefabs/Enemies/Forge/EmberEater.prefab";"Figuren/Kreaturen";"abgenommen";"Codex";"Produktive Mid-Poly-Fassung mit LOD-, Rig-, Clip-, GUID- und Unity-Vertrag abgenommen";"2026-08-24"
"MP0-0054";"Assets/_Game/Prefabs/Enemies/Forge/ForgeGuardian.prefab";"Figuren/Kreaturen";"abgenommen";"Codex";"Produktive Mid-Poly-Fassung mit LOD-, Rig-, Clip-, GUID- und Unity-Vertrag abgenommen";"2026-08-24"
"MP0-0055";"Assets/_Game/Prefabs/Enemies/Forge/SealGuardian.prefab";"Figuren/Kreaturen";"abgenommen";"Codex";"Produktive Mid-Poly-Fassung mit LOD-, Rig-, Clip-, GUID- und Unity-Vertrag abgenommen";"2026-08-24"
"MP0-0056";"Assets/_Game/Prefabs/Enemies/TierTwo/GraniteShell.prefab";"Figuren/Kreaturen";"abgenommen";"Codex";"Produktive Mid-Poly-Fassung mit LOD-, Rig-, Clip-, GUID- und Unity-Vertrag abgenommen";"2026-08-24"
"MP0-0057";"Assets/_Game/Prefabs/Enemies/TierTwo/MoorThrower.prefab";"Figuren/Kreaturen";"abgenommen";"Codex";"Produktive Mid-Poly-Fassung mit LOD-, Rig-, Clip-, GUID- und Unity-Vertrag abgenommen";"2026-08-24"
"MP0-0058";"Assets/_Game/Prefabs/Enemies/TierTwo/RiftGuardian.prefab";"Figuren/Kreaturen";"abgenommen";"Codex";"Produktive Mid-Poly-Fassung mit LOD-, Rig-, Clip-, GUID- und Unity-Vertrag abgenommen";"2026-08-24"
"MP0-0059";"Assets/_Game/Prefabs/Enemies/TierTwo/Riftling.prefab";"Figuren/Kreaturen";"abgenommen";"Codex";"Produktive Mid-Poly-Fassung mit LOD-, Rig-, Clip-, GUID- und Unity-Vertrag abgenommen";"2026-08-24"
"MP0-0060";"Assets/_Game/Prefabs/Enemies/TierTwo/RootCharger.prefab";"Figuren/Kreaturen";"abgenommen";"Codex";"Produktive Mid-Poly-Fassung mit LOD-, Rig-, Clip-, GUID- und Unity-Vertrag abgenommen";"2026-08-24"
"MP0-0061";"Assets/_Game/Prefabs/Enemies/WildEidra.prefab";"Figuren/Kreaturen";"abgenommen";"Codex";"Produktive Mid-Poly-Fassung mit LOD-, Rig-, Clip-, GUID- und Unity-Vertrag abgenommen";"2026-08-24"
"MP0-0062";"Assets/_Game/Prefabs/Enemies/Wildling.prefab";"Figuren/Kreaturen";"abgenommen";"Codex";"Produktive Mid-Poly-Fassung mit LOD-, Rig-, Clip-, GUID- und Unity-Vertrag abgenommen";"2026-08-24"
"MP0-0063";"Assets/_Game/Prefabs/Environment/AreaArtVariants/EmberRuins_tree_Active.prefab";"Umgebung/Zonenprops";"abgenommen";"Codex";"Mid-Poly-V2-Kern und Gebietsaufsatz in der Gesamt-QA abgenommen";"2026-08-25"
"MP0-0064";"Assets/_Game/Prefabs/Environment/AreaArtVariants/EmberRuins_tree_Exhausted.prefab";"Umgebung/Zonenprops";"abgenommen";"Codex";"Mid-Poly-V2-Kern und Gebietsaufsatz in der Gesamt-QA abgenommen";"2026-08-25"
"MP0-0065";"Assets/_Game/Prefabs/Environment/AreaArtVariants/Greenwood_tree_Active.prefab";"Umgebung/Zonenprops";"abgenommen";"Codex";"Mid-Poly-V2-Kern und Gebietsaufsatz in der Gesamt-QA abgenommen";"2026-08-25"
"MP0-0066";"Assets/_Game/Prefabs/Environment/AreaArtVariants/Greenwood_tree_Exhausted.prefab";"Umgebung/Zonenprops";"abgenommen";"Codex";"Mid-Poly-V2-Kern und Gebietsaufsatz in der Gesamt-QA abgenommen";"2026-08-25"
"MP0-0067";"Assets/_Game/Prefabs/Environment/AreaArtVariants/GreyRifts_granite_deposit_Active.prefab";"Umgebung/Zonenprops";"abgenommen";"Codex";"Phase-5-Granit/Eisen-Kit produktiv integriert; LOD-/Animations- und Zonenvertrag geprueft";"2026-08-25"
"MP0-0068";"Assets/_Game/Prefabs/Environment/AreaArtVariants/GreyRifts_granite_deposit_Exhausted.prefab";"Umgebung/Zonenprops";"abgenommen";"Codex";"Phase-5-Granit/Eisen-Kit produktiv integriert; Exhausted-Zonenvariante geprueft";"2026-08-25"
"MP0-0069";"Assets/_Game/Prefabs/Environment/AreaArtVariants/GreyRifts_iron_vein_Active.prefab";"Umgebung/Zonenprops";"abgenommen";"Codex";"Phase-5-Granit/Eisen-Kit produktiv integriert; LOD-/Animations- und Zonenvertrag geprueft";"2026-08-25"
"MP0-0070";"Assets/_Game/Prefabs/Environment/AreaArtVariants/GreyRifts_iron_vein_Exhausted.prefab";"Umgebung/Zonenprops";"abgenommen";"Codex";"Phase-5-Granit/Eisen-Kit produktiv integriert; Exhausted-Zonenvariante geprueft";"2026-08-25"
"MP0-0071";"Assets/_Game/Prefabs/Environment/AreaArtVariants/Marsh_fiber_plant_Active.prefab";"Umgebung/Zonenprops";"abgenommen";"Codex";"Mid-Poly-V2-Kern und Gebietsaufsatz in der Gesamt-QA abgenommen";"2026-08-25"
"MP0-0072";"Assets/_Game/Prefabs/Environment/AreaArtVariants/Marsh_fiber_plant_Exhausted.prefab";"Umgebung/Zonenprops";"abgenommen";"Codex";"Mid-Poly-V2-Kern und Gebietsaufsatz in der Gesamt-QA abgenommen";"2026-08-25"
"MP0-0073";"Assets/_Game/Prefabs/Environment/AreaArtVariants/Marsh_tree_Active.prefab";"Umgebung/Zonenprops";"abgenommen";"Codex";"Mid-Poly-V2-Kern und Gebietsaufsatz in der Gesamt-QA abgenommen";"2026-08-25"
"MP0-0074";"Assets/_Game/Prefabs/Environment/AreaArtVariants/Marsh_tree_Exhausted.prefab";"Umgebung/Zonenprops";"abgenommen";"Codex";"Mid-Poly-V2-Kern und Gebietsaufsatz in der Gesamt-QA abgenommen";"2026-08-25"
"MP0-0075";"Assets/_Game/Prefabs/Environment/AreaArtVariants/Quarry_stone_deposit_Active.prefab";"Umgebung/Zonenprops";"abgenommen";"Codex";"Mid-Poly-V2-Kern und Gebietsaufsatz in der Gesamt-QA abgenommen";"2026-08-25"
"MP0-0076";"Assets/_Game/Prefabs/Environment/AreaArtVariants/Quarry_stone_deposit_Exhausted.prefab";"Umgebung/Zonenprops";"abgenommen";"Codex";"Mid-Poly-V2-Kern und Gebietsaufsatz in der Gesamt-QA abgenommen";"2026-08-25"
"MP0-0077";"Assets/_Game/Prefabs/Environment/AreaArtVariants/Quarry_tree_Active.prefab";"Umgebung/Zonenprops";"abgenommen";"Codex";"Mid-Poly-V2-Kern und Gebietsaufsatz in der Gesamt-QA abgenommen";"2026-08-25"
"MP0-0078";"Assets/_Game/Prefabs/Environment/AreaArtVariants/Quarry_tree_Exhausted.prefab";"Umgebung/Zonenprops";"abgenommen";"Codex";"Mid-Poly-V2-Kern und Gebietsaufsatz in der Gesamt-QA abgenommen";"2026-08-25"
"MP0-0079";"Assets/_Game/Prefabs/Environment/AreaArtVariants/TwilightGrove_hardwood_tree_Active.prefab";"Umgebung/Zonenprops";"abgenommen";"Codex";"Phase-5-Ressourcenfamilie und Gebietsaufsatz in der Gesamt-QA abgenommen";"2026-08-25"
"MP0-0080";"Assets/_Game/Prefabs/Environment/AreaArtVariants/TwilightGrove_hardwood_tree_Exhausted.prefab";"Umgebung/Zonenprops";"abgenommen";"Codex";"Phase-5-Ressourcenfamilie und Gebietsaufsatz in der Gesamt-QA abgenommen";"2026-08-25"
"MP0-0081";"Assets/_Game/Prefabs/Environment/AreaArtVariants/TwilightGrove_swamp_hemp_Active.prefab";"Umgebung/Zonenprops";"abgenommen";"Codex";"Phase-5-Ressourcenfamilie und Gebietsaufsatz in der Gesamt-QA abgenommen";"2026-08-25"
"MP0-0082";"Assets/_Game/Prefabs/Environment/AreaArtVariants/TwilightGrove_swamp_hemp_Exhausted.prefab";"Umgebung/Zonenprops";"abgenommen";"Codex";"Phase-5-Ressourcenfamilie und Gebietsaufsatz in der Gesamt-QA abgenommen";"2026-08-25"
"MP0-0083";"Assets/_Game/Prefabs/Environment/AreaArtVariants/VeilMarsh_iron_vein_Active.prefab";"Umgebung/Zonenprops";"abgenommen";"Codex";"Phase-5-Granit/Eisen-Kit produktiv integriert; LOD-/Animations- und Zonenvertrag geprueft";"2026-08-25"
"MP0-0084";"Assets/_Game/Prefabs/Environment/AreaArtVariants/VeilMarsh_iron_vein_Exhausted.prefab";"Umgebung/Zonenprops";"abgenommen";"Codex";"Phase-5-Granit/Eisen-Kit produktiv integriert; Exhausted-Zonenvariante geprueft";"2026-08-25"
"MP0-0085";"Assets/_Game/Prefabs/Environment/AreaArtVariants/VeilMarsh_swamp_hemp_Active.prefab";"Umgebung/Zonenprops";"abgenommen";"Codex";"Phase-5-Ressourcenfamilie und Gebietsaufsatz in der Gesamt-QA abgenommen";"2026-08-25"
"MP0-0086";"Assets/_Game/Prefabs/Environment/AreaArtVariants/VeilMarsh_swamp_hemp_Exhausted.prefab";"Umgebung/Zonenprops";"abgenommen";"Codex";"Phase-5-Ressourcenfamilie und Gebietsaufsatz in der Gesamt-QA abgenommen";"2026-08-25"
"MP0-0087";"Assets/_Game/Prefabs/Environment/StyleProof/SP_Accent_GlowMushrooms.prefab";"Umgebung/Zonenprops";"abgenommen";"Codex";"Phase-5-Umgebungskit: LOD0/1/2, Material- und Collidervertrag abgenommen";"2026-08-25"
"MP0-0088";"Assets/_Game/Prefabs/Environment/StyleProof/SP_EidrenRune.prefab";"Umgebung/Zonenprops";"abgenommen";"Codex";"Phase-5-Umgebungskit: LOD0/1/2, Material- und Collidervertrag abgenommen";"2026-08-25"
"MP0-0089";"Assets/_Game/Prefabs/Environment/StyleProof/SP_GroundCover_Grass.prefab";"Umgebung/Zonenprops";"abgenommen";"Codex";"Phase-5-Umgebungskit: LOD0/1/2, Material- und Collidervertrag abgenommen";"2026-08-25"
"MP0-0090";"Assets/_Game/Prefabs/Environment/StyleProof/SP_GroundCover_Moss.prefab";"Umgebung/Zonenprops";"abgenommen";"Codex";"Phase-5-Umgebungskit: LOD0/1/2, Material- und Collidervertrag abgenommen";"2026-08-25"
"MP0-0091";"Assets/_Game/Prefabs/Environment/StyleProof/SP_Plant_Bush.prefab";"Umgebung/Zonenprops";"abgenommen";"Codex";"Phase-5-Umgebungskit: LOD0/1/2, Material- und Collidervertrag abgenommen";"2026-08-25"
"MP0-0092";"Assets/_Game/Prefabs/Environment/StyleProof/SP_Plant_Fern.prefab";"Umgebung/Zonenprops";"abgenommen";"Codex";"Phase-5-Umgebungskit: LOD0/1/2, Material- und Collidervertrag abgenommen";"2026-08-25"
"MP0-0093";"Assets/_Game/Prefabs/Environment/StyleProof/SP_Plant_Flowers.prefab";"Umgebung/Zonenprops";"abgenommen";"Codex";"Phase-5-Umgebungskit: LOD0/1/2, Material- und Collidervertrag abgenommen";"2026-08-25"
"MP0-0094";"Assets/_Game/Prefabs/Environment/StyleProof/SP_Rock_Large.prefab";"Umgebung/Zonenprops";"abgenommen";"Codex";"Phase-5-Umgebungskit: LOD0/1/2, Material- und Collidervertrag abgenommen";"2026-08-25"
"MP0-0095";"Assets/_Game/Prefabs/Environment/StyleProof/SP_Rock_Medium.prefab";"Umgebung/Zonenprops";"abgenommen";"Codex";"Phase-5-Umgebungskit: LOD0/1/2, Material- und Collidervertrag abgenommen";"2026-08-25"
"MP0-0096";"Assets/_Game/Prefabs/Environment/StyleProof/SP_Rock_Small.prefab";"Umgebung/Zonenprops";"abgenommen";"Codex";"Phase-5-Umgebungskit: LOD0/1/2, Material- und Collidervertrag abgenommen";"2026-08-25"
"MP0-0097";"Assets/_Game/Prefabs/Environment/StyleProof/SP_RuinMonument.prefab";"Umgebung/Zonenprops";"abgenommen";"Codex";"Phase-5-Umgebungskit: LOD0/1/2, Material- und Collidervertrag abgenommen";"2026-08-25"
"MP0-0098";"Assets/_Game/Prefabs/Environment/StyleProof/SP_RuinWall_A.prefab";"Umgebung/Zonenprops";"abgenommen";"Codex";"Phase-5-Umgebungskit: LOD0/1/2, Material- und Collidervertrag abgenommen";"2026-08-25"
"MP0-0099";"Assets/_Game/Prefabs/Environment/StyleProof/SP_RuinWall_B.prefab";"Umgebung/Zonenprops";"abgenommen";"Codex";"Phase-5-Umgebungskit: LOD0/1/2, Material- und Collidervertrag abgenommen";"2026-08-25"
"MP0-0100";"Assets/_Game/Prefabs/Environment/StyleProof/SP_Tree_A.prefab";"Umgebung/Zonenprops";"abgenommen";"Codex";"Phase-5-Umgebungskit: LOD0/1/2, Material- und Collidervertrag abgenommen";"2026-08-25"
"MP0-0101";"Assets/_Game/Prefabs/Environment/StyleProof/SP_Tree_B.prefab";"Umgebung/Zonenprops";"abgenommen";"Codex";"Phase-5-Umgebungskit: LOD0/1/2, Material- und Collidervertrag abgenommen";"2026-08-25"
"MP0-0102";"Assets/_Game/Prefabs/Environment/StyleProof/SP_Tree_C.prefab";"Umgebung/Zonenprops";"abgenommen";"Codex";"Phase-5-Umgebungskit: LOD0/1/2, Material- und Collidervertrag abgenommen";"2026-08-25"
"MP0-0103";"Assets/_Game/Prefabs/Items/WorldItem.prefab";"WorldItems/Loot";"abgenommen";"Codex";"Phase-4-WorldLoot produktiv integriert; GUID, Pickup-Trigger, Icon und Mengenanzeige erhalten";"2026-08-25"
"MP0-0104";"Assets/_Game/Prefabs/Loot/WorldChests/WorldChest_Common.prefab";"Truhen/Container";"abgenommen";"Phase-4-Weltkistenkit produktiv integriert; 3 LODs, vier Zustaende, GUID/Collider/Trigger/Interaktion geprueft";"MIDPOLY-000 Phase4";"2026-08-24"
"MP0-0105";"Assets/_Game/Prefabs/Loot/WorldChests/WorldChest_Guarded.prefab";"Truhen/Container";"abgenommen";"Phase-4-Weltkistenkit produktiv integriert; 3 LODs, vier Zustaende, GUID/Collider/Trigger/Interaktion geprueft";"MIDPOLY-000 Phase4";"2026-08-24"
"MP0-0106";"Assets/_Game/Prefabs/Loot/WorldChests/WorldChest_Hidden.prefab";"Truhen/Container";"abgenommen";"Phase-4-Weltkistenkit produktiv integriert; 3 LODs, vier Zustaende, GUID/Collider/Trigger/Interaktion geprueft";"MIDPOLY-000 Phase4";"2026-08-24"
"MP0-0107";"Assets/_Game/Prefabs/Player/Player.prefab";"Wanderer/Ausruestung";"abgenommen";"Codex";"Nutzer-Rueckbau 25.08.2026: Low-Poly-Wanderer GUID-erhaltend verdrahtet; CharacterController, 12 Ruestungsteile, 20 Handitems und 25 Clips validiert";"2026-08-25"
"MP0-0108";"Assets/_Game/Prefabs/Resources/Nodes/BerryBush.prefab";"Ressourcen/Vegetation";"abgenommen";"Codex";"V2 Mid-Poly, Active/Exhausted, LODs, Clips und Gameplay-Integration PASS";"2026-08-20"
"MP0-0109";"Assets/_Game/Prefabs/Resources/Nodes/CopperVein.prefab";"Ressourcen/Vegetation";"abgenommen";"Codex";"V2 Mid-Poly, Active/Exhausted, LODs, Clips, Werkzeug-Gating und Impact-Feedback PASS";"2026-08-20"
"MP0-0110";"Assets/_Game/Prefabs/Resources/Nodes/FiberPlant.prefab";"Ressourcen/Vegetation";"abgenommen";"Codex";"V2 Mid-Poly, Active/Exhausted, LODs, Clips und Gameplay-Integration PASS";"2026-08-20"
"MP0-0111";"Assets/_Game/Prefabs/Resources/Nodes/GraniteDeposit.prefab";"Ressourcen/Vegetation";"abgenommen";"Codex";"Phase-5-Granit/Eisen-Kit; Node-, Collider-, Werkzeug-, Ertrag- und Zonenvertrag erhalten";"2026-08-25"
"MP0-0112";"Assets/_Game/Prefabs/Resources/Nodes/HardwoodTree.prefab";"Ressourcen/Vegetation";"abgenommen";"Codex";"Phase-5-Ressourcenfamilie: Active/Exhausted-, LOD-, Material- und Collidervertrag abgenommen";"2026-08-25"
"MP0-0113";"Assets/_Game/Prefabs/Resources/Nodes/IronVein.prefab";"Ressourcen/Vegetation";"abgenommen";"Codex";"Phase-5-Granit/Eisen-Kit; Node-, Collider-, Werkzeug-, Ertrag- und Zonenvertrag erhalten";"2026-08-25"
"MP0-0114";"Assets/_Game/Prefabs/Resources/Nodes/StoneDeposit.prefab";"Ressourcen/Vegetation";"abgenommen";"Codex";"V2 Mid-Poly, Active/Exhausted, LODs, Clips und Gameplay-Integration PASS";"2026-08-20"
"MP0-0115";"Assets/_Game/Prefabs/Resources/Nodes/SwampHemp.prefab";"Ressourcen/Vegetation";"abgenommen";"Codex";"Phase-5-Ressourcenfamilie: Active/Exhausted-, LOD-, Material- und Collidervertrag abgenommen";"2026-08-25"
"MP0-0116";"Assets/_Game/Prefabs/Resources/Nodes/Tree.prefab";"Ressourcen/Vegetation";"abgenommen";"Codex";"V2 Mid-Poly, Active/Exhausted, LODs, Clips und Gameplay-Integration PASS";"2026-08-20"
"MP0-0117";"Assets/_Game/Prefabs/Resources/Visuals/BerryBush_Active.prefab";"Ressourcen/Vegetation";"abgenommen";"Codex";"Freigegebenes V2-GLB mit LOD0/1/2 und Idle/Harvest-Clips";"2026-08-20"
"MP0-0118";"Assets/_Game/Prefabs/Resources/Visuals/BerryBush_Exhausted.prefab";"Ressourcen/Vegetation";"abgenommen";"Codex";"Freigegebenes V2-GLB, erschöpfter Zustand";"2026-08-20"
"MP0-0119";"Assets/_Game/Prefabs/Resources/Visuals/CopperVein_Active.prefab";"Ressourcen/Vegetation";"abgenommen";"Codex";"Freigegebenes V2-GLB mit LOD0/1/2, Harvest-Clip und Impact-Feedback";"2026-08-20"
"MP0-0120";"Assets/_Game/Prefabs/Resources/Visuals/CopperVein_Exhausted.prefab";"Ressourcen/Vegetation";"abgenommen";"Codex";"Freigegebenes V2-GLB, klar ausgeschlagener Zustand";"2026-08-20"
"MP0-0121";"Assets/_Game/Prefabs/Resources/Visuals/FiberPlant_Active.prefab";"Ressourcen/Vegetation";"abgenommen";"Codex";"Freigegebenes V2-GLB mit LOD0/1/2 und Idle/Harvest-Clips";"2026-08-20"
"MP0-0122";"Assets/_Game/Prefabs/Resources/Visuals/FiberPlant_Exhausted.prefab";"Ressourcen/Vegetation";"abgenommen";"Codex";"Freigegebenes V2-GLB, erschöpfter Zustand";"2026-08-20"
"MP0-0123";"Assets/_Game/Prefabs/Resources/Visuals/GraniteDeposit_Active.prefab";"Ressourcen/Vegetation";"abgenommen";"Codex";"Phase-5-Mid-Poly LOD0/1/2, Harvest_Recoil und Mica-Material produktiv integriert";"2026-08-25"
"MP0-0124";"Assets/_Game/Prefabs/Resources/Visuals/GraniteDeposit_Exhausted.prefab";"Ressourcen/Vegetation";"abgenommen";"Codex";"Phase-5-Mid-Poly Exhausted-Rest produktiv integriert und sichtbar geprueft";"2026-08-25"
"MP0-0125";"Assets/_Game/Prefabs/Resources/Visuals/HardwoodTree_Active.prefab";"Ressourcen/Vegetation";"abgenommen";"Codex";"Phase-5-Ressourcenfamilie: Active/Exhausted-, LOD-, Material- und Collidervertrag abgenommen";"2026-08-25"
"MP0-0126";"Assets/_Game/Prefabs/Resources/Visuals/HardwoodTree_Exhausted.prefab";"Ressourcen/Vegetation";"abgenommen";"Codex";"Phase-5-Ressourcenfamilie: Active/Exhausted-, LOD-, Material- und Collidervertrag abgenommen";"2026-08-25"
"MP0-0127";"Assets/_Game/Prefabs/Resources/Visuals/IronVein_Active.prefab";"Ressourcen/Vegetation";"abgenommen";"Codex";"Phase-5-Mid-Poly LOD0/1/2, Harvest_Recoil und Eisenmaterial produktiv integriert";"2026-08-25"
"MP0-0128";"Assets/_Game/Prefabs/Resources/Visuals/IronVein_Exhausted.prefab";"Ressourcen/Vegetation";"abgenommen";"Codex";"Phase-5-Mid-Poly Exhausted-Rest produktiv integriert und sichtbar geprueft";"2026-08-25"
"MP0-0129";"Assets/_Game/Prefabs/Resources/Visuals/StoneDeposit_Active.prefab";"Ressourcen/Vegetation";"abgenommen";"Codex";"Freigegebenes V2-GLB mit LOD0/1/2 und Harvest-Clip";"2026-08-20"
"MP0-0130";"Assets/_Game/Prefabs/Resources/Visuals/StoneDeposit_Exhausted.prefab";"Ressourcen/Vegetation";"abgenommen";"Codex";"Freigegebenes V2-GLB, Bruch-/Restzustand";"2026-08-20"
"MP0-0131";"Assets/_Game/Prefabs/Resources/Visuals/SwampHemp_Active.prefab";"Ressourcen/Vegetation";"abgenommen";"Codex";"Phase-5-Ressourcenfamilie: Active/Exhausted-, LOD-, Material- und Collidervertrag abgenommen";"2026-08-25"
"MP0-0132";"Assets/_Game/Prefabs/Resources/Visuals/SwampHemp_Exhausted.prefab";"Ressourcen/Vegetation";"abgenommen";"Codex";"Phase-5-Ressourcenfamilie: Active/Exhausted-, LOD-, Material- und Collidervertrag abgenommen";"2026-08-25"
"MP0-0133";"Assets/_Game/Prefabs/Resources/Visuals/Tree_Active.prefab";"Ressourcen/Vegetation";"abgenommen";"Codex";"Freigegebenes V2-GLB mit LOD0/1/2 und Idle/Harvest-Clips";"2026-08-20"
"MP0-0134";"Assets/_Game/Prefabs/Resources/Visuals/Tree_Exhausted.prefab";"Ressourcen/Vegetation";"abgenommen";"Codex";"Freigegebenes V2-GLB, Stumpf-/Restzustand";"2026-08-20"
"MP0-0135";"Assets/_Game/Prefabs/Stations/StorageChest.prefab";"Gebaeude/Stationen";"abgenommen";"Codex";"Phase 4: Mid-Poly-Produktion 7240/3556/1420 Tris, 3 Materialien, echter Innenraum, getrennte Deckelachse, GUID/Gameplay/Trigger erhalten";"2026-08-24"
"MP0-0136";"Assets/_Game/Prefabs/Stations/Workbench.prefab";"Gebaeude/Stationen";"abgenommen";"Codex";"Mid-Poly-Golden-Master mit 3 LODs, 5 Materialien und semantischen Funktionsankern; GUID, Trigger, Navigation und Interaktion erhalten; Legacy-Fallback gesichert";"2026-08-20"
"MP0-0137";"Assets/_Game/Resources/Art/BuildGrid/BLD_Grid_Area.prefab";"Ressourcen/Vegetation";"abgenommen";"Codex";"Bewusst planares Funktionsasset fuer Bauplatzierung; Phase-4-Vertrag abgenommen";"2026-08-25"
"MP0-0138";"Assets/_Game/Resources/Art/BuildGrid/BLD_Grid_Boundary.prefab";"Ressourcen/Vegetation";"abgenommen";"Codex";"Bewusst planares Funktionsasset fuer Bauplatzierung; Phase-4-Vertrag abgenommen";"2026-08-25"
"MP0-0139";"Assets/_Game/Resources/Art/BuildGrid/BLD_Grid_Cell.prefab";"Ressourcen/Vegetation";"abgenommen";"Codex";"Bewusst planares Funktionsasset fuer Bauplatzierung; Phase-4-Vertrag abgenommen";"2026-08-25"
"MP0-0140";"Assets/_Game/Resources/Art/BuildGrid/BLD_Grid_Edge.prefab";"Ressourcen/Vegetation";"abgenommen";"Codex";"Bewusst planares Funktionsasset fuer Bauplatzierung; Phase-4-Vertrag abgenommen";"2026-08-25"
"MP0-0141";"Assets/_Game/Resources/Art/BuildGrid/BLD_Grid_Node.prefab";"Ressourcen/Vegetation";"abgenommen";"Codex";"Bewusst planares Funktionsasset fuer Bauplatzierung; Phase-4-Vertrag abgenommen";"2026-08-25"
"MP0-0142";"Assets/_Game/Resources/Art/BuildGrid/BLD_Grid_Zone.prefab";"Ressourcen/Vegetation";"abgenommen";"Codex";"Bewusst planares Funktionsasset fuer Bauplatzierung; Phase-4-Vertrag abgenommen";"2026-08-25"
"MP0-0143";"Assets/_Game/Resources/Art/Buildings/BLD_Preview_Mark.prefab";"Gebaeude/Stationen";"abgenommen";"Codex";"Bewusst planares Funktionsasset fuer Bauplatzierung; Phase-4-Vertrag abgenommen";"2026-08-25"
"MP0-0144";"Assets/_Game/Resources/Art/Buildings/BLD_Roof_Tile.prefab";"Gebaeude/Stationen";"abgenommen";"Codex";"Bewusst planares Funktionsasset fuer Bauplatzierung; Phase-4-Vertrag abgenommen";"2026-08-25"
"MP0-0145";"Assets/_Game/Resources/Prefabs/Actors/2D/Noctarion_2D.prefab";"Figuren/Kreaturen";"abgenommen";"Codex";"Legacy-Quelle nach GUID-Nullreferenzpruefung ausserhalb von Assets archiviert; produktive Mid-Poly-Fassung abgenommen";"2026-08-25"
"MP0-0146";"Assets/_Game/Resources/Prefabs/Actors/2D/Terrock_2D.prefab";"Figuren/Kreaturen";"abgenommen";"Codex";"Legacy-Quelle nach GUID-Nullreferenzpruefung ausserhalb von Assets archiviert; produktive Mid-Poly-Fassung abgenommen";"2026-08-25"
"MP0-0147";"Assets/_Game/Resources/Prefabs/Actors/3D/Ignivar_3D.prefab";"Figuren/Kreaturen";"abgenommen";"Codex";"Produktive Mid-Poly-Fassung mit LOD-, Rig-, Clip-, GUID- und Unity-Vertrag abgenommen";"2026-08-24"
"MP0-0148";"Assets/_Game/Resources/Prefabs/Actors/3D/Noctarion_3D.prefab";"Figuren/Kreaturen";"abgenommen";"Codex";"Produktive Mid-Poly-Fassung mit LOD-, Rig-, Clip-, GUID- und Unity-Vertrag abgenommen";"2026-08-24"
"MP0-0149";"Assets/_Game/Resources/Prefabs/Actors/3D/Terrock_3D.prefab";"Figuren/Kreaturen";"abgenommen";"Codex";"Produktive Mid-Poly-Fassung mit LOD-, Rig-, Clip-, GUID- und Unity-Vertrag abgenommen";"2026-08-24"
"MP0-0150";"Assets/_Game/Resources/Prefabs/DeathBag.prefab";"WorldItems/Loot";"abgenommen";"Codex";"Phase-4-WorldLoot produktiv integriert; GUID, Trigger, 24 Slots, Reichweite und Persistenz erhalten";"2026-08-25"
